rep_label,word,rep_onset,rep_offset,vad_onset,vad_offset,delta_onset_ms,delta_offset_ms,iou,semg_rms,snr_db,low_snr,matched
EVET_REP1,EVET,14.287535,17.0940321,16.058,17.02,1770.4649999999997,-74.03210000000016,0.3427760534653679,0.7111600041389465,0.642587423324585,True,True
EVET_REP2,EVET,17.2940321,20.0970514,,,,,0.0,,,False,False
EVET_REP3,EVET,20.2970514,23.097420800000002,,,,,0.0,,,False,False
EVET_REP4,EVET,23.2974208,26.106329300000002,,,,,0.0,,,False,False
EVET_REP5,EVET,26.3063293,29.1119738,,,,,0.0,,,False,False
EVET_REP6,EVET,29.3119738,32.115277299999995,,,,,0.0,,,False,False
EVET_REP7,EVET,32.3152773,35.1160954,,,,,0.0,,,False,False
EVET_REP8,EVET,35.3160954,38.1184057,36.284,37.128,967.9045999999971,-990.4056999999966,0.3011800656051554,0.7138115763664246,0.6749129295349121,True,True
EVET_REP9,EVET,38.3184057,41.119535299999995,,,,,0.0,,,False,False
EVET_REP10,EVET,41.3195353,44.3213723,,,,,0.0,,,False,False
HAYIR_REP1,HAYIR,46.9040474,49.705086599999994,,,,,0.0,,,False,False
HAYIR_REP2,HAYIR,49.9050866,52.706162899999995,,,,,0.0,,,False,False
HAYIR_REP3,HAYIR,52.9061629,55.7063509,,,,,0.0,,,False,False
HAYIR_REP4,HAYIR,55.9063509,58.708408999999996,,,,,0.0,,,False,False
HAYIR_REP5,HAYIR,58.908409,61.711384499999994,,,,,0.0,,,False,False
HAYIR_REP6,HAYIR,61.9113845,64.7128537,,,,,0.0,,,False,False
HAYIR_REP7,HAYIR,64.9128537,67.71390149999999,,,,,0.0,,,False,False
HAYIR_REP8,HAYIR,67.9139015,70.7146384,,,,,0.0,,,False,False
HAYIR_REP9,HAYIR,70.9146384,73.71723279999999,,,,,0.0,,,False,False
HAYIR_REP10,HAYIR,73.9172328,76.917403,,,,,0.0,,,False,False
MERHABA_REP1,MERHABA,79.4883302,82.2893023,,,,,0.0,,,False,False
MERHABA_REP2,MERHABA,82.4893023,85.2967917,,,,,0.0,,,False,False
MERHABA_REP3,MERHABA,85.4967917,88.30887109999999,86.944,89.166,1447.2082999999998,857.1289000000064,0.371979726525744,0.7230987548828125,0.7871931791305542,True,True
MERHABA_REP4,MERHABA,88.5088711,91.3145438,,,,,0.0,,,False,False
MERHABA_REP5,MERHABA,91.5145438,94.32170719999999,91.866,93.388,351.4562000000012,-933.7071999999864,0.5421843274246199,0.7290712594985962,0.8586412072181702,True,True
MERHABA_REP6,MERHABA,94.5217072,97.3255744,95.648,97.53,1126.2928000000015,204.42560000000753,0.557649973433435,0.7373454570770264,0.9566618204116821,True,True
MERHABA_REP7,MERHABA,97.5255744,100.3261244,99.11,100.314,1584.425600000003,-12.124400000004698,0.42991555230222384,0.7314407229423523,0.8868238925933838,True,True
MERHABA_REP8,MERHABA,100.5261244,103.3345058,102.272,103.814,1745.875600000005,479.49419999999066,0.3231587594129167,0.7414422631263733,1.0047881603240967,True,True
MERHABA_REP9,MERHABA,103.5345058,106.3364367,,,,,0.0,,,False,False
MERHABA_REP10,MERHABA,106.5364367,109.5427673,106.274,108.396,-262.43669999999497,-1146.7672999999934,0.5688882472606749,0.7498459815979004,1.1026827096939087,True,True
TESEKKURLER_REP1,TESEKKURLER,113.2440721,116.0453757,113.856,115.236,611.9278999999977,-809.3756999999897,0.4926277894334663,0.6916084885597229,0.4004480242729187,True,True
TESEKKURLER_REP2,TESEKKURLER,116.2453757,119.04691439999999,117.758,118.76,1512.6242999999988,-286.91439999998636,0.3576605955862796,0.7359060645103455,0.9396886825561523,True,True
TESEKKURLER_REP3,TESEKKURLER,119.2469144,122.0570109,,,,,0.0,,,False,False
TESEKKURLER_REP4,TESEKKURLER,122.2570109,125.0641586,123.34,125.34,1082.9891000000061,275.84140000000446,0.5592490093461544,0.7592194676399231,1.2105876207351685,True,True
TESEKKURLER_REP5,TESEKKURLER,125.2641586,128.06639380000001,,,,,0.0,,,False,False
TESEKKURLER_REP6,TESEKKURLER,128.2663938,131.0700114,128.298,130.302,31.606199999998807,-768.011400000006,0.7147907760316506,0.7707977890968323,1.3420500755310059,True,True
TESEKKURLER_REP7,TESEKKURLER,131.2700114,134.0718634,,,,,0.0,,,False,False
TESEKKURLER_REP8,TESEKKURLER,134.2718634,137.0719646,135.486,137.486,1214.1365999999891,414.03539999998884,0.49343409984504594,0.7176207900047302,0.7211419939994812,True,True
TESEKKURLER_REP9,TESEKKURLER,137.2719646,140.0765972,137.402,138.968,130.03539999999703,-1108.5972000000197,0.5583619045146918,0.6945304870605469,0.4370674788951874,True,True
TESEKKURLER_REP10,TESEKKURLER,140.2765972,143.2768743,,,,,0.0,,,False,False
SU_REP1,SU,145.6771045,148.4805947,146.83,148.844,1152.8954999999996,363.4052999999824,0.521202767821044,0.7176072001457214,0.7209771275520325,True,True
SU_REP2,SU,148.6805947,151.4807336,148.746,150.746,65.40530000000899,-734.7335999999984,0.7142502823699192,0.71822190284729,0.7284146547317505,True,True
SU_REP3,SU,151.6807336,154.48368670000002,152.926,154.926,1245.2663999999913,442.3132999999666,0.4799873132141132,0.7808462381362915,1.4545518159866333,True,True
SU_REP4,SU,154.6836867,157.48701730000002,154.828,157.248,144.3132999999932,-239.01730000002885,0.8632588678623846,0.7972147464752197,1.6347477436065674,True,True
SU_REP5,SU,157.6870173,160.48712640000002,,,,,0.0,,,False,False
SU_REP6,SU,160.6871264,163.49244720000002,161.824,163.824,1136.8736000000013,331.5527999999972,0.5318821899613686,0.7006974816322327,0.5138527750968933,True,True
SU_REP7,SU,163.6924472,166.492938,163.726,165.726,33.552799999995386,-766.9380000000103,0.7141605321467208,0.7454532384872437,1.051649570465088,True,True
SU_REP8,SU,166.692938,169.4947588,,,,,0.0,,,False,False
SU_REP9,SU,169.6947588,172.49763940000003,170.18,172.18,485.2412000000186,-317.63940000001867,0.7135516225699994,0.719041645526886,0.738321840763092,True,True
SU_REP10,SU,172.6976394,175.6991248,173.984,176.504,1286.3605999999947,804.8751999999979,0.45059440768696335,0.8015281558036804,1.6816165447235107,True,True
YARDIM_REP1,YARDIM,178.8747243,181.6822643,180.182,182.182,1307.275699999991,499.7356999999738,0.45362541139223145,0.7301157712936401,0.8710755109786987,True,True
YARDIM_REP2,YARDIM,181.8822643,184.6832611,182.084,184.084,201.7357000000004,-599.2611000000068,0.7140315190649253,0.7862758636474609,1.514740228652954,True,True
YARDIM_REP3,YARDIM,184.8832611,187.6884568,185.22,187.22,336.7389000000003,-468.45680000001266,0.71296273554105,0.7635517120361328,1.2600104808807373,True,True
YARDIM_REP4,YARDIM,187.8884568,190.694103,189.024,191.038,1135.5432000000008,343.89699999999834,0.5302683258956429,0.822887659072876,1.9100520610809326,True,True
YARDIM_REP5,YARDIM,190.894103,193.6944994,190.94,192.94,45.896999999996524,-754.4994000000145,0.714184606150755,0.8268283605575562,1.9515488147735596,True,True
YARDIM_REP6,YARDIM,193.8944994,196.6995228,,,,,0.0,,,False,False
YARDIM_REP7,YARDIM,196.8995228,199.7042199,196.76,198.76,-139.52280000000883,-944.2199000000073,0.6319083707028766,0.7332885265350342,0.9087392091751099,True,True
YARDIM_REP8,YARDIM,199.9042199,202.71092090000002,200.574,202.576,669.7801000000254,-134.92090000002577,0.7132929371528917,0.8219279646873474,1.899916648864746,True,True
YARDIM_REP9,YARDIM,202.9109209,205.714585,,,,,0.0,,,False,False
YARDIM_REP10,YARDIM,205.914585,208.9146466,207.658,209.658,1743.4149999999988,743.3533999999895,0.33569524084292307,0.7542026042938232,1.1530016660690308,True,True
TAMAM_REP1,TAMAM,212.9156568,215.71943330000002,212.856,214.856,-59.656799999999066,-863.4333000000254,0.6776282164491081,0.7586617469787598,1.2042055130004883,True,True
TAMAM_REP2,TAMAM,215.9194333,218.73143710000002,,,,,0.0,,,False,False
TAMAM_REP3,TAMAM,218.9314371,221.7340744,218.592,220.254,-339.4370999999978,-1480.0744000000066,0.4209203002958767,0.732159435749054,0.8953547477722168,True,True
TAMAM_REP4,TAMAM,221.9340744,224.73831270000002,221.952,223.952,17.92560000001231,-786.3127000000247,0.7132061494203162,0.7708333134651184,1.3424510955810547,True,True
TAMAM_REP5,TAMAM,224.9383127,227.7532094,225.926,227.926,987.6872999999762,172.7905999999848,0.611579866473988,0.7611231207847595,1.2323400974273682,True,True
TAMAM_REP6,TAMAM,227.9532094,230.7573854,,,,,0.0,,,False,False
TAMAM_REP7,TAMAM,230.9573854,233.7613044,232.11,233.328,1152.614600000021,-433.30439999999726,0.4343920063311337,0.8195803761482239,1.8750722408294678,True,True
TAMAM_REP8,TAMAM,233.9613044,236.7627171,234.946,236.946,984.6956000000091,183.2828999999947,0.6086775147187539,0.7768974900245667,1.4105154275894165,True,True
TAMAM_REP9,TAMAM,236.9627171,239.76877860000002,238.162,240.162,1199.2829000000143,393.2213999999874,0.5022308592966273,0.7794139385223389,1.4386048316955566,True,True
TAMAM_REP10,TAMAM,239.9687786,242.9699541,240.064,240.984,95.22139999998558,-1985.9540999999865,0.3065465515095734,0.8233528733253479,1.914961338043213,True,True
DUR_REP1,DUR,245.3966283,248.19719130000001,246.3,248.3,903.3717000000081,102.80869999999709,0.6534441663118772,0.7619494795799255,1.2417645454406738,True,True
DUR_REP2,DUR,248.3971913,251.19966340000002,248.202,249.58,-195.19130000000473,-1619.6634000000074,0.3945768894532992,0.8205939531326294,1.8858075141906738,True,True
DUR_REP3,DUR,251.3996634,254.2041264,251.536,253.536,136.3365999999928,-668.1264000000056,0.713149005709828,0.7515482902526855,1.1223794221878052,True,True
DUR_REP4,DUR,254.4041264,257.204909,255.236,257.236,831.8735999999944,31.091000000003532,0.6952672605161474,0.7910217642784119,1.5670095682144165,True,True
DUR_REP5,DUR,257.404909,260.20721100000003,258.554,260.554,1149.0909999999985,346.7889999999443,0.524980383228067,0.7791857123374939,1.436060905456543,True,True
DUR_REP6,DUR,260.407211,263.2126639,260.456,261.434,48.788999999999305,-1778.6638999999695,0.3486068149638215,0.8331354260444641,2.0175530910491943,True,True
DUR_REP7,DUR,263.4126639,266.2172635,264.514,265.452,1101.336100000026,-765.2635000000032,0.3344505932326249,0.8350459933280945,2.0374491214752197,True,True
DUR_REP8,DUR,266.4172635,269.2183734,266.49,268.49,72.73650000001908,-728.3734000000095,0.7140026887199177,0.7758039832115173,1.3982813358306885,True,True
DUR_REP9,DUR,269.4183734,272.2216424,270.788,272.788,1369.6266000000037,566.3576000000035,0.4254603165822572,0.7707452774047852,1.3414584398269653,True,True
DUR_REP10,DUR,272.4216424,275.4230862,272.69,274.088,268.35760000000164,-1335.086199999978,0.4657758376152246,0.8346211314201355,2.0330288410186768,True,True
GEL_REP1,GEL,278.7392482,281.5452332,278.904,280.904,164.75179999997636,-641.2331999999878,0.71276218511504,0.7977716326713562,1.640812873840332,True,True
GEL_REP2,GEL,281.7452332,284.5543421,282.382,284.438,636.7668000000322,-116.34209999999712,0.7319046976071216,0.7568133473396301,1.1830166578292847,True,True
GEL_REP3,GEL,284.7543421,287.55742250000003,286.178,288.2,1423.6579000000233,642.577499999959,0.40033646404654,0.7776042819023132,1.41841459274292,True,True
GEL_REP4,GEL,287.7574225,290.5636164,289.134,291.134,1376.5774999999962,570.3836000000138,0.4233921478183124,0.7629454731941223,1.2531113624572754,True,True
GEL_REP5,GEL,290.7636164,293.5726139,291.036,292.494,272.38360000001194,-1078.6138999999935,0.5190463857657439,0.808645486831665,1.7584049701690674,True,True
GEL_REP6,GEL,293.7726139,296.57359080000003,293.316,295.316,-456.6139000000362,-1257.5908000000595,0.47378145223148826,0.7687665224075317,1.3191308975219727,True,True
GEL_REP7,GEL,296.7735908,299.5748054,297.534,299.534,760.4091999999696,-40.80540000001065,0.7139760016958409,0.7622148394584656,1.244789481163025,True,True
GEL_REP8,GEL,299.7748054,302.58382470000004,299.436,301.834,-338.80540000001247,-749.8247000000333,0.6541643186165907,0.8110301494598389,1.783981204032898,True,True
GEL_REP9,GEL,302.7838247,305.5915399,302.392,304.392,-391.8247000000292,-1199.5398999999907,0.502627049595467,0.7896332740783691,1.5517504215240479,True,True
GEL_REP10,GEL,305.7915399,308.7934236,305.406,307.406,-385.5398999999693,-1387.423599999977,0.4766041365479185,0.7741732597351074,1.3800048828125,True,True
GUNAYDIN_REP1,GUNAYDIN,311.3456725,314.1472034,311.206,313.266,-139.67249999996056,-881.203400000004,0.6529053719984268,0.7941248416900635,1.6010169982910156,True,True
GUNAYDIN_REP2,GUNAYDIN,314.3472034,317.1474236,314.564,316.564,216.79660000000922,-583.4236000000033,0.714229545233618,0.770898699760437,1.3431873321533203,True,True
GUNAYDIN_REP3,GUNAYDIN,317.3474236,320.1501728,318.862,320.862,1514.57640000001,711.8272000000161,0.36652291866524234,0.7614296674728394,1.2358371019363403,True,True
GUNAYDIN_REP4,GUNAYDIN,320.3501728,323.1515035,320.764,322.782,413.8272000000143,-369.50350000000753,0.7203719289550414,0.8305520415306091,1.9905784130096436,True,True
GUNAYDIN_REP5,GUNAYDIN,323.3515035,326.1534394,324.28,326.28,928.4964999999943,126.56059999994795,0.639727382293288,0.7540223002433777,1.1509250402450562,True,True
GUNAYDIN_REP6,GUNAYDIN,326.3534394,329.1690226,326.182,328.182,-171.43939999999702,-987.0225999999889,0.6121683177087478,0.8005873560905457,1.6714158058166504,True,True
GUNAYDIN_REP7,GUNAYDIN,329.3690226,332.1797884,329.998,332.2,628.9773999999966,20.2115999999819,0.7706837928130477,0.8487429618835449,2.178764820098877,True,True
GUNAYDIN_REP8,GUNAYDIN,332.3797884,335.19093630000003,,,,,0.0,,,False,False
GUNAYDIN_REP9,GUNAYDIN,335.3909363,338.1943714,,,,,0.0,,,False,False
GUNAYDIN_REP10,GUNAYDIN,338.3943714,341.4004723,339.12,341.12,725.6285999999932,-280.47229999998535,0.6653136626252346,0.8292017579078674,1.9764454364776611,True,True
