word,n_matched,mean_delta_onset_ms,mae_delta_onset_ms,mean_iou,n_ref,match_rate,fp_total_all_recordings
DUR,10.0,568.6327400000039,607.6710000000048,0.5269713956333064,10,1.0,69
EVET,2.0,1369.1847999999984,1369.1847999999984,0.32197805953526165,10,0.2,69
GEL,10.0,306.17628999999624,620.7330700000057,0.5608594839040063,10,1.0,69
GUNAYDIN,8.0,514.6488500000075,592.4268249999968,0.6427403650365808,10,0.8,69
HAYIR,0.0,0.0,0.0,0.0,10,0.0,69
MERHABA,6.0,998.803633333336,1086.2825333333342,0.46562943105993576,10,0.6,69
SU,8.0,693.7385875000004,693.7385875000003,0.6236109979540642,10,0.8,69
TAMAM,8.0,504.7916875000027,604.5651625000019,0.5343976830619221,10,0.8,69
TESEKKURLER,6.0,763.8865833333313,763.8865833333313,0.5293540291262148,10,0.6,69
YARDIM,8.0,662.6078500000006,697.4885500000028,0.600746143342912,10,0.8,69
